[
  {
    "title": "af",
    "description": "fas",
    "comments": [],
    "like": 1,
    "imagePath": "C:\\Users\\LENOVO\\Pictures\\10.jpg",
    "user_id": "27833e52-8ef9-4600-8d2c-15915f804a87",
    "id": "5f0c76d9-a2b9-4cae-b8e5-b5d90c7862fb",
    "publishTime": "May 31, 2023, 5:18:39 PM",
    "commentDurationMillis": 3600000
  },
  {
    "title": "problem1",
    "description": "kadklsjdklasjdads",
    "comments": [],
    "like": 1,
    "imagePath": "C:\\Users\\LENOVO\\Pictures\\5.jpg",
    "user_id": "27833e52-8ef9-4600-8d2c-15915f804a87",
    "id": "9eb0c9d7-7f33-4347-9cfe-53877d328029",
    "publishTime": "May 31, 2023, 5:26:44 PM",
    "commentDurationMillis": 7200000
  }
]