<?xml version="1.0" encoding="UTF-8"?>
<project-private xmlns="http://www.netbeans.org/ns/project-private/1">
    <editor-bookmarks xmlns="http://www.netbeans.org/ns/editor-bookmarks/2" lastBookmarkId="0"/>
    <open-files xmlns="http://www.netbeans.org/ns/projectui-open-files/2">
        <group>
            <file>file:/C:/Users/LENOVO/Documents/NetBeansProjects/Problem_Comments/src/problem_comments/AddProblem.java</file>
            <file>file:/C:/Users/LENOVO/Documents/NetBeansProjects/Problem_Comments/src/problem_comments/ActivityUser.java</file>
            <file>file:/C:/Users/LENOVO/Documents/NetBeansProjects/Problem_Comments/src/problem_comments/reg.java</file>
            <file>file:/C:/Users/LENOVO/Documents/NetBeansProjects/Problem_Comments/src/problem_comments/Account.java</file>
            <file>file:/C:/Users/LENOVO/Documents/NetBeansProjects/Problem_Comments/src/problem_comments/Comment.java</file>
            <file>file:/C:/Users/LENOVO/Documents/NetBeansProjects/Problem_Comments/src/problem_comments/ProblemView.java</file>
            <file>file:/C:/Users/LENOVO/Documents/NetBeansProjects/Problem_Comments/src/problem_comments/Problem.java</file>
            <file>file:/C:/Users/LENOVO/Documents/NetBeansProjects/Problem_Comments/src/problem_comments/LogIn.java</file>
            <file>file:/C:/Users/LENOVO/Documents/NetBeansProjects/Problem_Comments/src/problem_comments/Main.java</file>
        </group>
    </open-files>
</project-private>
